{
	"info": {
		"_postman_id": "d10b9025-144e-4e53-afb8-1d5a4d93689a",
		"name": "Highspot check",
		"schema": "https://schema.getpostman.com/json/collection/v2.0.0/collection.json"
	},
	"item": [
		{
			"name": "Generate Endpoint",
			"request": {
				"method": "GET",
				"header": [],
				"url": "http://localhost:8083/api/v1/resources/endpoint/generate"
			},
			"response": []
		},
		{
			"name": "GET Latest",
			"protocolProfileBehavior": {
				"disableBodyPruning": true
			},
			"request": {
				"auth": {
					"type": "noauth"
				},
				"method": "GET",
				"header": [
					{
						"key": "Content-Type",
						"value": "application/json",
						"type": "text"
					}
				],
				"body": {
					"mode": "raw",
					"raw": "{\"value\":\"1234\"}",
					"options": {
						"raw": {
							"language": "text"
						}
					}
				},
				"url": {
					"raw": "http://localhost:8083/api/v1/resources/endpoint/latest",
					"protocol": "http",
					"host": [
						"localhost"
					],
					"port": "8083",
					"path": [
						"api",
						"v1",
						"resources",
						"endpoint",
						"latest"
					],
					"query": [
						{
							"key": "id",
							"value": "3051",
							"disabled": true
						}
					]
				}
			},
			"response": []
		},
		{
			"name": "POST Data",
			"request": {
				"method": "POST",
				"header": [
					{
						"key": "Content-Type",
						"value": "application/json",
						"type": "text"
					}
				],
				"body": {
					"mode": "raw",
					"raw": "{\n    \"request\": \"{'value': '12389888'}\"\n}"
				},
				"url": {
					"raw": "http://localhost:8083/api/v1/resources/endpoint?id=4873",
					"protocol": "http",
					"host": [
						"localhost"
					],
					"port": "8083",
					"path": [
						"api",
						"v1",
						"resources",
						"endpoint"
					],
					"query": [
						{
							"key": "id",
							"value": "4873"
						}
					]
				}
			},
			"response": []
		},
		{
			"name": "Health Check",
			"request": {
				"method": "GET",
				"header": [],
				"url": "http://localhost:8083/healthcheck"
			},
			"response": []
		},
		{
			"name": "Homepage",
			"request": {
				"method": "GET",
				"header": [],
				"url": "http://localhost:8083/"
			},
			"response": []
		},
		{
			"name": "GET Specific Endpoint",
			"request": {
				"method": "GET",
				"header": [],
				"url": {
					"raw": "http://localhost:8083/api/v1/resources/endpoint?id=4873",
					"protocol": "http",
					"host": [
						"localhost"
					],
					"port": "8083",
					"path": [
						"api",
						"v1",
						"resources",
						"endpoint"
					],
					"query": [
						{
							"key": "id",
							"value": "4873"
						}
					]
				}
			},
			"response": []
		}
	],
	"protocolProfileBehavior": {}
}